id;insert_ts;last_updat_ts;status;rpk_link
1;2019-09-30T13:17:43;2019-09-30T13:44:15;ubiquitous;Public-key Granite
2;2019-09-30T02:47:03;2019-09-30T03:47:03;Dominican Republic Credit Card Account Handmade;Ergonomic transmitter
3;2019-09-30T05:42:15;2019-09-30T03:14:37;Orchestrator deliver;Licensed hacking installation
4;2019-09-30T10:03:16;2019-09-29T21:49:53;HDD;Algerian Dinar
5;2019-09-30T14:07:58;2019-09-29T21:27:48;open-source turn-key;Sausages
6;2019-09-29T21:56:54;2019-09-30T04:59:21;Cambridgeshire hacking;bricks-and-clicks Concrete Global
7;2019-09-29T17:28:30;2019-09-29T21:49:56;Profound;parsing
8;2019-09-30T01:12:22;2019-09-30T02:07:54;content-based Executive;Customer Human deposit
9;2019-09-30T06:23:39;2019-09-30T07:50:17;Saint Helena Pound programming;AI optical invoice
10;2019-09-30T12:30:41;2019-09-29T16:04:33;solid state;Home Loan Account Tools Unbranded
