id;name;mail_network_name;insert_ts;last_update_ts;activated
1;payment;withdrawal COM;2019-09-29T22:58:55;2019-09-30T01:07:29;false
2;bus synthesize Idaho;Networked Sleek Metal Table Small;2019-09-29T23:46:15;2019-09-30T07:43:32;false
3;Dynamic;knowledge base Buckinghamshire;2019-09-29T12:32:01;2019-09-30T06:58:16;false
4;relationships override;Brand;2019-09-29T19:56:32;2019-09-30T03:21:39;true
5;JSON;virtual deposit;2019-09-29T13:24:00;2019-09-29T23:21:30;true
6;maroon;EXE projection Fresh;2019-09-30T01:45:50;2019-09-30T02:40:58;true
7;contextually-based;synergies copying;2019-09-29T13:39:27;2019-09-30T03:00:01;false
8;Borders;Bedfordshire Bahamian Dollar;2019-09-30T03:50:57;2019-09-30T02:12:44;false
9;Gloves sky blue Oklahoma;robust Engineer;2019-09-29T11:12:59;2019-09-30T04:23:24;false
10;Buckinghamshire capability zero tolerance;mission-critical;2019-09-29T10:52:35;2019-09-29T22:15:03;false
